Герасим;Громов;+7 7749454616;Домашний
Урбан;Владимиров;+7 9738161168;Мобильный
Милица;Калининa;+7 8691979812;Рабочий
Порфирий;Миронов;+7 3213299841;
Варвара;Ждановa;+7 6462703099;Домашний
Валентина;Масловa;+7 4366044792;Домашний
Маргарита;Ситниковa;+7 4054043460;
Жанна;Костинa;+7 1655221475;
Борис;Фадеев;+7 9338288282;Рабочий
Матрёна;Крюковa;+7 4665162638;Домашний
Назар;Марков;+7 3826839198;Домашний
Ярослава;Рыбаковa;+7 3118446879;Мобильный
Пафнутий;Орлов;+7 7614736158;
Всеволод;Потапов;+7 3154974884;
Екатерина;Петровa;+7 8777196446;
Игорь;Наумов;+7 2296201417;
Мина;Зимин;+7 3310318442;Мобильный
Пантелеймон;Шаров;+7 6627108620;Мобильный
Валерьян;Артемьев;+7 2576729079;Мобильный
Никита;Доронин;+7 5517410951;Рабочий
Самуил;Костин;+7 4168597637;Мобильный
Тимофей;Зимин;+7 3222355379;Рабочий
Магистриан;Мамонтов;+7 7603838726;
Артемий;Симонов;+7 6281618048;Домашний
Гавриил;Суханов;+7 8365811019;Рабочий
Римма;Муравьёвa;+7 2311727297;Мобильный
Мамонт;Гущин;+7 7972225517;
Климент;Колобов;+7 9857814671;
Руслана;Кононовa;+7 4194463324;Мобильный
Надежда;Доронинa;+7 1302602569;Домашний
Кирилл;Ермаков;+7 2226026807;Рабочий
Агапит;Беляев;+7 4280631952;
Инга;Вороновa;+7 2777696021;Домашний
Василиса;Рожковa;+7 2055779827;Рабочий
Рада;Анисимовa;+7 1341193209;Домашний
Исидор;Фомин;+7 5487372779;Домашний
Андрей;Суханов;+7 9768106844;
Викентий;Исаев;+7 7342075396;Рабочий
Фаддей;Моисеев;+7 3600573943;
Герман;Селезнёв;+7 3823901831;Рабочий
Родослав;Бирюков;+7 5746201703;
Гавриил;Кабанов;+7 2279619525;Мобильный
Паисий;Ситников;+7 2101288187;Рабочий
Антон;Миронов;+7 5546807236;Мобильный
Никандр;Емельянов;+7 2854596011;
Антонина;Воронцовa;+7 5466028017;Домашний
Павел;Ефимов;+7 4154749349;
Алла;Михайловa;+7 1761691417;Рабочий
Тимофей;Голубев;+7 4722448427;
Афанасий;Панфилов;+7 8924174044;Мобильный
Маргарита;Фадеевa;+7 2768101084;Домашний
Ангелина;Носковa;+7 1010952777;
Трофим;Артемьев;+7 5251120443;
Дарья;Красильниковa;+7 5439811686;Рабочий
Пафнутий;Титов;+7 7367575715;Рабочий
Анна;Юдинa;+7 4023051742;
Авдей;Костин;+7 2609242015;
Венедикт;Крюков;+7 2131610938;Мобильный
Мамонт;Шубин;+7 5250406371;Рабочий
Семён;Мухин;+7 4962438834;Рабочий
Анатолий;Блинов;+7 6502222185;Мобильный
Виталий;Александров;+7 8681968494;
Каролина;Никоновa;+7 4083314364;Домашний
Евсей;Корнилов;+7 3395714667;Рабочий
Харитон;Романов;+7 5896828277;Домашний
Мирослава;Захаровa;+7 2488827819;Мобильный
Иакинф;Суханов;+7 5391395105;
Савва;Гущин;+7 8000547232;
Валерия;Денисовa;+7 4299876676;Рабочий
Порфирий;Зыков;+7 3380176650;
Онуфрий;Нестеров;+7 5977327934;
Ким;Лапин;+7 9059568052;
Антон;Борисов;+7 8129711384;Мобильный
Ждан;Маслов;+7 6143235389;Домашний
Магистриан;Суханов;+7 3337736508;Мобильный
Матвей;Лыткин;+7 5255496096;
Тамара;Емельяновa;+7 9022542671;Мобильный
Спиридон;Кондратьев;+7 6445087234;
Евгения;Сухановa;+7 4164623813;Домашний
Георгий;Крюков;+7 9277432674;Мобильный
Регина;Константиновa;+7 4123111058;Рабочий
Геннадий;Гущин;+7 9033130576;
Антон;Хохлов;+7 1444962513;
Олег;Исаев;+7 2609859329;
Сусанна;Дементьевa;+7 1477647389;Рабочий
Станислав;Савельев;+7 6615565163;Домашний
Виктория;Беспаловa;+7 9140636824;Мобильный
Аглая;Сафоновa;+7 8119196461;
Герасим;Аксёнов;+7 5199947884;
Фотий;Петров;+7 2850038203;
Светлана;Некрасовa;+7 3432619385;Мобильный
Мамонт;Хохлов;+7 2947163484;Мобильный
Артём;Титов;+7 3019487579;Домашний
Тарас;Лаврентьев;+7 2426915221;Рабочий
Гликерия;Веселовa;+7 1615498200;Мобильный
Арсений;Рыбаков;+7 4367149477;Рабочий
Римма;Трофимовa;+7 3333361363;Рабочий
Евлампия;Калашниковa;+7 5563021164;Рабочий
Яна;Герасимовa;+7 9316067436;
Лилия;Сидоровa;+7 1125201859;Рабочий
